ID,TITLE,LOCATION,SKILLS,DATE
52611802,[하이컨시] Android Developer 채용,서울 강남구,"Kotlin,Java,Android,앱개발,Docker",채용시
52448248,(기업부설연구소) 모바일 네이티브 풀스택 개발자를 모십니다,부산 해운대구,"Kotlin,Java,Android,앱개발,백엔드/서버개발",~ 12/31(수)
52622700,안드로이드 및 iOS 모바일 개발자,서울 송파구,"Kotlin,Android,앱개발,AWS,iOS",내일마감
52233830,스트리밍 서비스 백엔드 개발 및 AWS,서울 강남구,"Kotlin,Java,백엔드/서버개발,MySQL,RestAPI",상시채용
52400688,[주 4.5일 근무] AOS(안드로이드) 개발자 (경력) 채용,서울 구로구,"Kotlin,Java,Android,앱개발,iOS",채용시
52415447,디에스글로벌(주) 백엔드 개발자 경력직 채용중,서울 성동구,"Kotlin,Java,앱개발,백엔드/서버개발,AWS",~ 12/27(토)
52614612,안드로이드 러닝 앱 개발자 경력 (1~3년),서울전체,"Kotlin,Android,앱개발,iOS,웹개발",~ 01/17(토)
52615102,안드로이드 앱 개발자 모집,서울 금천구,"Kotlin,Java,솔루션업체,소프트웨어개발",~ 02/17(화)
52239707,[1년이상] WEB 웹 ·  iOS · 풀스택 프론트,서울 서초구,"Kotlin,Java,Android,앱개발,Javascript",상시채용
52385864,[다글로] 안드로이드 개발자,서울 관악구,"Kotlin,Java,앱개발,AI(인공지능),소프트웨어개발",~ 12/31(수)
52130613,[Ericsson] AI SW Junior Developer,서울 금천구,"Kotlin,네트워크,솔루션,정보통신,트러블슈팅",채용시
52624744,[전장BU] 26년 상반기 체험형 인턴(차량통신 미들웨어 개발),경기 용인시 기흥구,"Kotlin,Java,Android,네트워크,미들웨어",~ 12/30(화)
52540298,게임보안 분석담당자 모집,서울 구로구,"Kotlin,Java,게임개발,데이터분석가,정보보안",~ 01/12(월)
52575651,플랫폼 개발 분야 인재 채용,경북 경산시,"Kotlin,Java,Android,앱개발,Javascript",~ 01/16(금)
52569901,[BU바움] 신규 서비스 백엔드 개발자 채용,인천 연수구,"Kotlin,Java,백엔드/서버개발,AWS,Git",~ 01/14(수)
52383557,[뉴로메카] 자동화장비 개발 및 제조기술 경력 채용(천안),충남 천안시 서북구,"Kotlin,Android,백엔드/서버개발,Javascript,API",채용시
52592419,안드로이드 네이티브 경력 개발자 모집 (5년 이상),경기 부천시,"Kotlin,Android,Flutter,Git,MQTT",~ 12/31(수)
52388481,[대기업/증권사/연봉상향] HTS 개발 정규직 채용,서울 마포구,"Kotlin,Java,Android,백엔드/서버개발,Javascript",채용시
52517638,[송파/정규직] 커머스플랫폼 FLUTTER 개발자 정규직 채용,서울 송파구,"Kotlin,Java,Android,앱개발,AWS",채용시
52440931,[카카오페이손해보험] Backend Engineer,경기 성남시 분당구,"Kotlin,Java,백엔드/서버개발,AWS,Javascript",~ 12/30(화)
52300887,[민트영어] 개발파트 백엔드(PHP) & 프론트엔드 개발자 채용,서울 구로구,"Kotlin,Android,앱개발,iOS,웹개발",~ 01/02(금)
52347248,개발 PM 및 기획(팀장급) 채용,서울 강남구,"Kotlin,Android,iOS,AI(인공지능),Windows",상시채용
52580716,[주4.5일근무] Frontend Developer (php) 채용,서울 구로구,"Kotlin,Java,Android,앱개발,백엔드/서버개발",~ 01/15(목)
52348992,(주)에이투텍 AI/Big Data Solution 개발 상시채용,대구 동구,"Kotlin,Java,Android,앱개발,백엔드/서버개발",상시채용
52594499,[해외취업] 정규직 일본 IT 엔지니어 취업 기회(경력 1.5년 ~,일본,"Kotlin,Java,앱개발,백엔드/서버개발,Javascript",상시채용
52415305,[Code Agent팀] Agent Developer 인턴,서울 서초구,"Kotlin,Java,유지보수,SE(시스템엔지니어),아키텍쳐",~ 12/31(수)
52629389,[메가스터디교육 자회사] 마이스 앱 개발자 (Flutter)  채용,서울 서초구,"Kotlin,Android,앱개발,백엔드/서버개발,iOS",~ 12/28(일)
52499657,[2년 이상 - 대전] 클라우드 및 백엔드 개발자,대전 유성구,"Kotlin,Java,백엔드/서버개발,AWS,API",상시채용
52534239,(주)투런 보안솔루션 개발 및 엔지니어 모집,경기 안양시 만안구,"Kotlin,앱개발,백엔드/서버개발,웹개발,Swift",~ 01/09(금)
52491985,[스냅태그] 개발자(Flutter 기반 윈도우 PC프로그램 개발) 채용,경기 성남시 분당구,"Kotlin,Java,Android,앱개발,iOS",~ 01/04(일)
52360733,"2025 하반기 자동차전장 S/W (신입,경력)",경기 화성시,"Kotlin,Java,앱개발,iOS,Swift",채용시
52486118,백엔드 엔지니어-개발2팀,서울 중구,백엔드/서버개발,~ 01/02(금)
52566457,[단기/셔틀버스/중식제공]포티투닷(현대 계열) 앱 개발자 채용,경기 성남시 수정구,"Android,앱개발,기술지원,데이터분석가,SE(시스템엔지니어)",~ 12/30(화)
52538617,Backend S/W Engineer (Observability),서울 구로구,"Java,백엔드/서버개발,게임개발,Docker,Logstash",~ 01/09(금)
52429019,"SW 개발자 경력 [Android, C, C++, QT]",경기 성남시 수정구,"임베디드,MCU,S/W,C++,C언어",~ 12/27(토)
52429026,"SW 개발자 신입 [Android, C, C++, QT]",경기 성남시 수정구,"임베디드,MCU,S/W,C++,C언어",~ 12/27(토)
52612639,[위버스마인드] AI 학습앱 Flutter 개발자 채용,서울 구로구,"Flutter,소프트웨어개발",~ 12/31(수)
52610911,[Smartdoctor] EMR 납품/설치 및 교육 담당자 채용,서울 강남구,"기술지원,트러블슈팅,기술영업,솔루션기술영업,IT영업",~ 01/18(일)
52629772,[경력] BE개발자 모집,경기 성남시 분당구,"백엔드/서버개발,모바일",~ 01/11(일)
52421882,[NHN Bugs] Android 앱 서비스 개발 및 유지보수 채용,서울 강남구,"Android,앱개발,컨텐츠제공",채용시
52549380,[증권플러스비상장] 모바일/프론트엔드 팀장,서울 서초구,"Android,iOS,프론트엔드,소프트웨어개발",~ 02/10(화)
52622169,ㅣICTㅣAOS 개발 (대리-차장급),서울전체,"SI개발,헤드헌팅",~ 01/05(월)
52631582,안드로이드(Android) 앱 개발자 채용(7년 이상),서울 강남구,"Android,앱개발,백엔드/서버개발,웹개발,소프트웨어개발",~ 01/21(수)
52490282,(주)비인텔리전스글로벌 시니어 모바일 엔지니어 모집,인천 미추홀구,"정보보안,SDK,소프트웨어개발",~ 01/11(일)
52538251,[NC_NC AI] AI서비스 백엔드 개발자 모집 (충원시 마감),경기 성남시 분당구,"AWS,인프라,클라우드,DevOps,Kubernetes",~ 02/10(화)
52419963,모바일 앱 개발자(경력 5~8년),경기 고양시 덕양구,"앱개발,쇼핑몰",~ 12/26(금)
52419919,모바일 앱 개발자(경력 3~5년),경기 고양시 덕양구,"앱개발,쇼핑몰",~ 12/26(금)
52419975,모바일 앱 개발자(경력 10년 이상),경기 고양시 덕양구,"앱개발,쇼핑몰",~ 12/26(금)
52512657,Backend 엔지니어 채용공고,서울 강남구,"백엔드/서버개발,전자상거래,쇼핑몰,B2C,오픈마켓",오늘마감
52444912,Full-Stack AI Engineer,서울 서초구,"앱개발,컨텐츠제공,인터넷교육,커뮤니티",상시채용
52511205,[Healthcare IT 솔루션 기업] 안드로이드 앱 개발,서울 서초구,"앱개발,헤드헌팅",오늘마감
52549999,[시중 은행] 백엔드 개발/운영,서울 중구,"백엔드/서버개발,헤드헌팅",오늘마감
52550120,[시중 은행] 모바일앱 개발/운영,서울 중구,"백엔드/서버개발,헤드헌팅",오늘마감
52371490,시스템 백엔드 개발자(시니어),경기 용인시 기흥구,"백엔드/서버개발,Node.js,운송·운수",오늘마감
52583994,대기업 그룹사 백엔드 엔지니어 (시니어),서울 강남구,"웹개발,개발PM,소프트웨어개발",~ 12/31(수)
52636789,대규모 트래픽을 견디는 백엔드 설계자,서울 강남구,"백엔드/서버개발,헤드헌팅",~ 01/10(토)
52636845,주식회사 모니본 AOS 개발자 모집,부산 부산진구,"Android,소프트웨어개발",~ 01/22(목)
52636914,확장성과 신뢰를 설계하는 백엔드 엔지니어,서울 서초구,"백엔드/서버개발,헤드헌팅",~ 01/09(금)
52165772,"Software Engineer, Backend - Data",경기 성남시 수정구,"백엔드/서버개발,판매",채용시
52351794,"Software Engineer, Backend - 엔터BE",경기 성남시 수정구,"백엔드/서버개발,전자상거래,쇼핑몰,B2B,B2C",채용시
52351738,"Software Engineer, Backend - 다이나믹 패키지",경기 성남시 수정구,"백엔드/서버개발,판매",채용시
52409943,응용시스템 개발 경력 채용(소프트웨어 엔지니어/백엔드/앱),서울 금천구,"앱개발,웹개발,소프트웨어개발",~ 01/25(일)
52419112,"[집중채용] Software Engineer, Backend - 국내 숙소",경기 성남시 수정구,"백엔드/서버개발,S/W,MySQL,Node.js,판매",채용시
52421100,"[집중채용] Software Engineer, Backend - 레저개발",경기 성남시 수정구,"백엔드/서버개발,판매",채용시
52592739,"Software Engineer, Backend - Platform Engineering",경기 성남시 수정구,"백엔드/서버개발,S/W,Node.js,판매",채용시
52593009,"Software Engineer, Full Stack - 광고플랫폼",경기 성남시 수정구,"백엔드/서버개발,프론트엔드,S/W,풀스택,판매",채용시
52636629,국내 중견 식품 기업 -시니어 백엔드 개발자,서울 강남구,"백엔드/서버개발,헤드헌팅",~ 01/22(목)
52637934,"FE, React Native 하이브리드 앱 개발자",서울 영등포구,"Java,Javascript,iOS,프론트엔드,Flutter",~ 02/21(토)
52203242,[라온시큐어] 소프트웨어 엔지니어 (기술지원) 채용,서울 영등포구,"S/W,보안,백신,보안컨설팅,정보보안",~ 01/02(금)
52456116,(주)티모넷 Android 개발자 모집(경력),서울 마포구,"Javascript,RDBMS,JPA,Spring,SpringBoot",~ 01/01(목)
52495293,주식회사아이피미디어그룹 안드로이드 개발자 모집,서울 중구,"프론트엔드,소프트웨어개발",~ 01/04(일)
52408102,플랫폼 사업 CTO 채용공고,서울 강남구,"CTO,경제연구소,경영연구소",~ 12/26(금)
52408138,플랫폼 사업 프로젝트리더(PL),서울 강남구,"PL(프로젝트리더),경제연구소,경영연구소",~ 12/26(금)
52384557,[토스인슈어런스] Server Developer,서울 구로구,"Kotlin,Java,백엔드/서버개발,Nginx,Git",내일마감
52529595,[토스] Android Platform Engineer,서울 강남구,"Kotlin,Android,앱개발,인터넷금융",~ 01/09(금)
52229567,[토스페이먼츠] Site Reliability Engineer,서울 강남구,"백엔드/서버개발,트러블슈팅,DevOps,SRE,사이트신뢰성개발자",채용시
52486067,[아정당] 플랫폼 백엔드 개발자 (3년 이상~5년 이하),서울 강남구,"백엔드/서버개발,Javascript,RestAPI,SpringBoot,통신",~ 02/02(월)
52270594,"[티앤테크] 응용, 웹, 앱 소프트웨어 개발자 모집(신입/경력)",대구 수성구,"웹개발,SI·시스템통합",채용시
52448449,[깨봉수학] 백엔드 (Back-End) 개발,서울 강남구,"웹개발,컨텐츠제공,인터넷교육",~ 12/31(수)
52330051,풀스택 &amp; 증강현실 솔루션 개발 전문가 (3년 이상 경력) 채용합니다.,서울 영등포구,"웹개발,소프트웨어개발",채용시
52280262,[경력] 백엔드 개발자 채용(5년 이상),경기 용인시 수지구,"Java,백엔드/서버개발,Docker,JPA,Kubernetes",상시채용
52567914,Back-end Engineer(Core Banking),서울 서초구,"백엔드/서버개발,Python,RestAPI,SI·시스템통합",~ 01/13(화)
52383679,Runtime 소프트웨어 엔지니어 (경력),서울 강남구,"SE(시스템엔지니어),솔루션,S/W,SI·시스템통합",오늘마감
52443790,Backend 개발자,서울 강남구,"백엔드/서버개발,운송·운수",~ 01/05(월)
52553838,모바일 애플리케이션 개발(10~14년),경기 안양시,"Android,앱개발,iOS,자동차매장",~ 01/14(수)
52553848,모바일 애플리케이션 개발(15~20년),경기 안양시,"Android,앱개발,iOS,자동차매장",~ 01/14(수)
52388186,안드로이드 개발자 경력,서울 관악구,"앱개발,안드로이드",오늘마감
52417789,Npay커넥트 App 개발자 (안드로이드),경기 성남시 분당구,"Android,종합포털,컨텐츠제공",~ 12/26(금)
52419492,Npay커넥트 App 개발자 (안드로이드),경기 성남시 분당구,"Android,앱개발,종합포털,컨텐츠제공",~ 12/26(금)
52479025,뱅킹 아키텍트,경기 성남시 분당구,"Java,SE(시스템엔지니어),트러블슈팅,아키텍쳐,Kubernetes",~ 12/31(수)
52533069,[모두싸인] Data Engineer,서울 강남구,"데이터엔지니어,솔루션업체,소프트웨어개발",~ 01/09(금)
52562420,서비스 아키텍트,경기 성남시 분당구,"Java,트러블슈팅,아키텍쳐,SpringBoot,서비스기획",~ 12/31(수)
52300396,안드로이드 앱개발 경력,대전 유성구,"앱개발,소프트웨어개발",오늘마감
52405490,[SW팀] 크로스플랫폼 앱 개발자(Flutter),서울 강남구,"Flutter,크로스플랫폼,기계",~ 12/25(목)
52443690,Backend Engineer(5년 이상),서울 강남구,"백엔드/서버개발,AWS,Kubernetes,RestAPI,창고·보관",~ 12/30(화)
52495628,개발팀 매쓰플랫 백엔드 개발자 채용,서울 관악구,"백엔드/서버개발,소프트웨어개발",~ 01/03(토)
52495653,Tech Innovation 워킹그룹 풀스택 개발,서울 관악구,"웹개발,소프트웨어개발",~ 01/03(토)
52520267,FMS 솔루션 개발자,서울 송파구,"백엔드/서버개발,솔루션,통신",~ 01/08(목)
52572020,풀스택 고급 개발자,서울 강남구,"웹개발,풀스택",~ 01/13(화)
52589055,[티빙] MLOps Engineer 경력채용,서울 강남구,"머신러닝,배급유통사",~ 01/05(월)
47581906,백엔드 개발자 (Node.js),서울 강남구,"백엔드/서버개발,Node.js,소프트웨어개발",상시채용
52388937,디메타 Web Full Stack 개발자 경력직 채용,서울 강남구,"AI(인공지능),SI·시스템통합,소프트웨어개발",내일마감
52199921,SW개발팀 경력직,경기 광명시,"Android,임베디드,PCB,IC설계",채용시
52252156,[메가존 관계사] (주)소프트웨어인라이프 - 백엔드 개발자 모집,경기 과천시,"백엔드/서버개발,솔루션업체,ASP,소프트웨어개발",채용시
52417499,[STL] 스타트투데이 백엔드 개발자 채용,서울 강서구,"백엔드/서버개발,API,MySQL,해상운송,항공운송",~ 01/26(월)
52425732,[AI/솔루션] 웹 프론트엔드 개발자 (경력 1년~3년),경기 성남시 분당구,"프론트엔드,S/W,ReactJS,TypeScript,Vue.js",~ 12/31(수)
52426283,(주)메가웍스 경력(5년이상) 개발자 모집 (광주),광주 동구,"React,ReactJS,솔루션업체,소프트웨어개발",~ 01/27(화)
52491380,[NHN PAYCO] 페이코 AOS 앱 개발,서울 구로구,"앱개발,유지보수,금융기관",~ 01/04(일)
52553979,미라텍(주) AWS 클라우드 기반 백엔드 개발자 모집,경기 성남시 수정구,"백엔드/서버개발,AWS,클라우드,전자,Hardware",~ 01/11(일)
52628787,안드로이드 개발자 채용,경기 남양주시,"앱개발,소프트웨어개발",채용시
52307581,[hourplace] React Native 모바일앱 개발자,서울 강남구,"앱개발,웹개발,프론트엔드,React,React-Native",채용시
52552381,[다우키움 계열사] 백엔드 개발자 (경력),서울 성동구,"백엔드/서버개발,AWS,Docker,Kafka,Kubernetes",~ 01/11(일)
52589894,[여의도][중견 IT 기업] AOS개발자(6년이상),서울 영등포구,"백엔드/서버개발,SI개발,보안",~ 01/01(목)
52516188,소프트웨어 엔지니어 (SI/SM),서울 용산구,"백엔드/서버개발,프론트엔드,소프트웨어개발",채용시
52551569,"[유명 금융 IT 기업]백엔드 개발 Head (부총괄, 임원급)",서울 서초구,"백엔드/서버개발,CTO,개발PM,개발총괄,서치펌",~ 12/27(토)
52341107,[증권플러스비상장] 개발팀 시니어 백엔드 개발자,서울 서초구,"Java,JPA,Kafka,MongoDB,MySQL",~ 01/17(토)
52422537,백엔드(Back-End) 개발자(경력직),서울 강남구,"앱개발,백엔드/서버개발,인터넷금융",상시채용
52494997,프론트엔드 개발자(경력) 모집,서울 마포구,"앱개발,프론트엔드,소프트웨어개발",채용시
52530296,인공지능 의료 진단 솔루션 백엔드 개발자,서울 송파구,"백엔드/서버개발,솔루션업체,소프트웨어개발",~ 01/09(금)
52545083,[글로벌/iGaming] Payment Backend Engineer (Python),서울 강남구,"Java,백엔드/서버개발,게임개발,게임기획·마케팅,게임",~ 12/26(금)
51438642,제주 드림타워 복합리조트 [카지노&호텔] 대규모 신입/경력 공채,제주 제주시,"카지노,레저,출납,사무직,문서작성",~ 12/31(수)
52449398,2025년 4분기 분야별 공개채용,전국,"건설회사,건설현장,건축,데이터엔지니어,백엔드/서버개발",~ 12/31(수)
52626458,[오리온] 청주공장 생산직 사원 채용,충북 청주시 흥덕구,"식품가공,제과제빵,기계조작원,단순생산직,생산관리",~ 01/11(일)
52457546,바이오플러스㈜ 2025년 하반기 각 부문별 수시채용,경기 성남시 중원구,"바이오,백엔드/서버개발,보안컨설팅,유지보수,정보보안",~ 12/31(수)
52433261,2025년 하반기 각 부문별 신입/경력 채용공고,서울전체,"가구,채용담당자,ER(노무관리),HR컨설팅,HRD",~ 12/31(수)
52567598,2026 상반기 노디너리 신입/경력 채용공고,경기 화성시,"화공,전산회계,더존,관리회계,기업회계",~ 12/29(월)
52625606,(주)견우푸드 신입/경력 정규직 채용,경기 광주시,"식품가공,유지보수,네트워크,API,ERP",~ 01/20(화)
52426411,㈜우진플라임 부문별 인재채용,충북 보은군,"기계,기계설비,기계설계,게임개발,데이터분석가",~ 12/31(수)
52398798,2025년도 하반기 신입(인턴) 및 경력사원 채용,서울 성동구,"화장품,뷰티,모델링,경리,경리사무원",~ 01/16(금)
52528719,동서식품 창원공장 생산직 근무자 채용,경남 창원시,"식음료,단순생산직,제조가공",~ 12/28(일)
52230976,㈜아모텍 2025년 하반기 신입/경력 수시채용,서울 서초구,"기구설계,전기,회로설계,유지보수,인프라",~ 12/31(수)
52582710,25년 12월 각 부문별 신입/경력사원 채용,서울 마포구,"전자,백엔드/서버개발,앱개발,웹개발,유지보수",~ 12/29(월)
51951354,2025년 해커스 교육그룹 [신입/경력] 각 부문별 채용공고,서울 서초구,"어학원,유학원,백엔드/서버개발,앱개발,웹개발",~ 12/31(수)
52532254,㈜한국애보트진단 신입/경력사원 공개채용,경기 용인시 기흥구,"의약·제약,의료·보건,바이오,생명공학,관리회계",~ 12/25(목)
52582307,2025년 영업/학술/CSO영업관리 신입 및 경력 채용공고,서울전체,"의약·제약,손익관리,재무회계,회계결산,사무직",~ 12/31(수)
51953338,㈜위즈코리아 '25년 하반기 신입/경력 사원 모집,서울 강서구,"소프트웨어개발,백엔드/서버개발,웹개발,정보보안,퍼블리셔",~ 12/31(수)
52410797,2026년 ㈜ 스텍 상반기 관리직 대규모 채용 공고 안내(서울/천안),서울 구로구,"제조업 회사본사,ERP,S/W,SAP,Angular",~ 12/26(금)
52588973,㈜켐트로닉스 반도체소재사업부문 신입/경력직 채용,경기 평택시,"전자,석유화학,화학,기계조작원,단순생산직",~ 12/31(수)
52530027,"[삼기&삼기에너지솔루션즈] 일반직군, 기술직군 신입 및 경력사원 모집",충남 서산시,"기계,자동차,C++,C언어,Matlab",~ 12/31(수)
52455537,[사세확장] 각 부서별 정규직 채용,경기 김포시,"네트웍구축,통신,모바일,웹개발,네트워크",~ 12/31(수)
52588094,비즈니스온커뮤니케이션 풀스택 개발자 채용,서울 강남구,"Java,백엔드/서버개발,프론트엔드,솔루션,SI·시스템통합",~ 01/16(금)
52409786,모바일 개발 담당자,서울 강남구,"Android,앱개발,iOS,소프트웨어개발",~ 12/25(목)
52405090,백엔드 개발자(1~3년),서울 강서구,"앱개발,백엔드/서버개발,웹개발",~ 12/26(금)
52592356,JAVA 개발자 채용[3~5년],서울 강남구,"백엔드/서버개발,SI·시스템통합,시스템관리,소프트웨어개발",~ 01/16(금)
52612020,[일본:누구(nugu)] BE엔지니어,서울 강남구,"백엔드/서버개발,식품가공",~ 01/19(월)
52348753,[경력] 백엔드 개발자 채용,서울 금천구,"Java,백엔드/서버개발,MariaDB,RestAPI,Spring",~ 12/31(수)
52510938,[엔키화이트햇] RedOps팀 : 화이트해커 부문별 채용,서울 송파구,"네트워크,모의해킹,방화벽,악성코드,인프라",채용시
52444212,[대전/서울] 모바일 앱(Flutter) 개발자 채용(신입/경력 무관),대전 유성구,"앱개발,소프트웨어개발",~ 01/30(금)
52569289,시니어 백엔드 개발–데이터스페이스,서울 금천구,"백엔드/서버개발,소프트웨어개발",~ 01/13(화)
52383215,Runtime 소프트웨어 엔지니어 (신입),서울 강남구,"SE(시스템엔지니어),솔루션,S/W,SI·시스템통합",오늘마감
52582765,프론트엔드 개발자,서울 서초구,"프론트엔드,솔루션업체",~ 01/14(수)
52387982,안드로이드 개발자 신입,서울 관악구,"앱개발,안드로이드",오늘마감
52469474,Backend 엔지니어(3년이상) [티켓베이],서울 강남구,"Java,백엔드/서버개발,Docker,Kafka,Kubernetes",~ 01/01(목)
52357905,"[SV그룹] AOS, iOS, Backend, Web Developer 시니어/주니어 모집",서울 영등포구,"앱개발,웹개발,웹마스터,알고리즘,SI·시스템통합",~ 01/19(월)
52635899,[글로벌 앱 플랫폼] 날씨 앱 Back-end 개발자 (3년 이상),서울 구로구,"Java,Android,앱개발,백엔드/서버개발,iOS",~ 01/22(목)
52572041,풀스택 중급 개발자,서울 강남구,"웹개발,풀스택",~ 01/13(화)
52614030,Flutter 모바일 앱 개발자,서울 강남구,"영상처리,Flutter,WebRTC,rtsp,블랙박스",~ 01/03(토)
52490826,Java 기반 서비스 개발자,서울 구로구,"백엔드/서버개발,웹개발,SI·시스템통합,시스템관리,솔루션업체",~ 01/04(일)
52398235,BackEnd Engineer 채용,서울 강남구,"백엔드/서버개발,웹개발,솔루션업체",상시채용
52415858,[VUS] 브이유에스 플랫폼 개발 사원 모집,서울 마포구,"앱개발,백엔드/서버개발,웹개발,데이터분석가,개발PM",~ 12/27(토)
52428208,모바일(iOS & Android) 개발 [신입],서울 강남구,"앱개발,화학",~ 12/28(일)
52440782,[스마트푸드네트웍스]시니어 백엔드 개발자 채용,서울 강남구,"백엔드/서버개발,물류업,물류센터",~ 12/31(수)
52533653,[데버㈜] IT 서비스 개발자(Native App) 정규직 채용(경력자),서울 성동구,"Android,iOS,Flutter,SI·시스템통합,ERP",~ 01/09(금)
52384440,헬스케어 플랫폼 개발자 채용,서울 서대문구,"Java,Javascript,인프라,클라우드,ETL",내일마감
52386495,(주)디젠트아이디 안드로이드 앱 개발자 모집,서울 강남구,"앱개발,솔루션업체,소프트웨어개발",내일마감
52538787,[인바디헬스케어] 안드로이드 개발자 (경력),서울 서초구,"Android,앱개발,Git,RestAPI,의료기기",~ 01/31(토)
52591739,[경력직] 헬스케어어플 AOS 프론트엔드 개발자 모집,서울 금천구,"Android,앱개발,유지보수,퍼블리셔,프론트엔드",~ 12/31(수)
52447926,[팀원 모집] 반려견 보호자 산책 동행매칭 스타트업 android,서울 강남구,"백엔드/서버개발,프론트엔드,UI/UX디자인,앱기획,종합포털",~ 12/31(수)
52549195,백엔드 프로그래머(Senior),서울 강남구,"백엔드/서버개발,CRM,솔루션업체,소프트웨어개발",~ 01/11(일)
52419569,모바일 앱 개발자(신입),경기 고양시 덕양구,"앱개발,쇼핑몰",~ 12/26(금)
52569499,주식회사블라인드데이트 프론트 엔드 개발자 채용,서울 서초구,"프론트엔드,결혼정보회사,커플매니저,웨딩컨설팅",~ 01/14(수)
52628295,앱(flutter) 개발 경력자 모집,충남 천안시 동남구,"Android,앱개발,iOS,웹개발,Flutter",~ 01/21(수)
52533710,[오늘의집페이] Backend Engineer,서울 서초구,"백엔드/서버개발,오픈마켓",~ 01/09(금)
52371478,시스템 백엔드 개발자(주니어),경기 용인시 기흥구,"Java,백엔드/서버개발,Javascript,운송·운수",오늘마감
52227404,아이티포원 Hybrid 앱(AOS/IOS) PHP 개발자 채용,부산 해운대구,"Java,앱개발,Javascript,iOS,MySQL",~ 01/04(일)
52588770,[서울 강남] 전자상거래 백엔드 엔지니어,서울 강남구,"Java,백엔드/서버개발,API,Node.js,NoSQL",~ 01/01(목)
52401290,"[악보바다] JAVA, 프론트, 백엔드, 모바일 개발자 모집",서울 구로구,"서비스기획,웹기획,개발PM,소프트웨어개발",~ 01/24(토)
52625461,[Smartdoctor] EMR 영업 담당자 채용,서울 강남구,"영업관리,영업직,네트워크영업,솔루션기술영업,B2B",~ 01/21(수)
52266318,[라온시큐어] AOS개발자 경력직 채용,서울 영등포구,"Kotlin,Java,Android,정보보안,클라우드",~ 01/09(금)
52278597,[NHN comico] Android 엔지니어 도쿄 현지 채용,일본,"Kotlin,Android,Git,소프트웨어개발",~ 01/10(토)
52330020,"IVI 미들웨어 개발자(9년 이상, C/C++, OTA)",경기 성남시 분당구,"Kotlin,Java,iOS,SE(시스템엔지니어),SI개발",채용시
52540882,IoT  블루투스 펌웨어 개발자 경력직 채용,서울 영등포구,"Kotlin,클라우드,Azure,MySQL,Node.js",~ 02/09(월)
52360064,[SMM] 스마트사업부 안드로이드(Android)개발자 모집,경기 안양시 동안구,"Kotlin,Java,Android,Javascript,MCU",~ 12/31(수)
52446221,[공고] 물류시스템 유지보수 경력(2년~3년)사원 모집,서울 성동구,"Kotlin,Java,Android,Javascript,iOS",~ 12/31(수)
52496104,[이브릿지] 플랫폼개발팀 PHP 개발자 경력 채용,서울 중구,"Kotlin,Android,Javascript,iOS,Apache",~ 01/04(일)
52631860,병역특례(보충역 산업기능요원) 웹/앱 프로그래머를 모십니다.,서울 강남구,"Kotlin,Java,Android,앱개발,백엔드/서버개발",~ 01/04(일)
52114535,[7년 이상] 시니어 백엔드 개발자,서울 서초구,"Kotlin,백엔드/서버개발,AWS,API,데이터분석가",상시채용
52219797,[카카오모빌리티] MLOps 엔지니어,경기 성남시 분당구,"Kotlin,Java,데이터엔지니어,머신러닝,GCP",채용시
52540641,[네이버] NAVER Z Platform Back-End 개발자,경기 성남시 분당구,"Kotlin,Java,백엔드/서버개발,AWS,Javascript",~ 12/28(일)
52581794,글로벌쇼핑플랫폼 경영기획팀장,서울 서초구,"Kotlin,Java,백엔드/서버개발,RestAPI,SpringBoot",~ 12/31(수)
52613570,[판교 의료기기] 백엔드 개발자 채용(경력),경기 성남시 수정구,"Kotlin,Java,앱개발,API,S/W",~ 01/18(일)
52400323,데이터 엔지니어 채용 (백엔드 경험 우대),서울 성동구,"Kotlin,Javascript,API,데이터마이닝,데이터시각화",~ 12/25(목)
52444326,(주)플랫브레드 프론트엔드 개발자 채용(경력) - 10년 이상,서울 송파구,"Kotlin,Java,AWS,Javascript,Docker",~ 01/30(금)
52415424,안드로이드 OS 포팅 개발 경력자 채용,서울 금천구,"Android,앱개발,SDK,포팅,APK",~ 12/27(토)
52460729,해외 기술영업/FAE 담당자 모집,서울 강남구,"기술지원,기술영업,PDA·스마트폰",~ 01/31(토)
52611293,APP/React Native 개발 경력 채용,서울 서초구,"앱개발,웹개발",~ 01/20(화)
52146268,백엔드 엔지니어(AI) 경력 채용,서울 강서구,"백엔드/서버개발,SI·시스템통합,ERP",~ 12/26(금)
52385195,[경력] 안드로이드 개발자 채용,경기 성남시 수정구,"Android,재활의학과",내일마감
52506366,[포니링크/링크아이(자회사)] 웹 개발자 고급 이상,서울 영등포구,"Java,Javascript,웹개발,웹마스터,React",상시채용
52542462,시니어 백엔드 개발자 - 플랫폼 (금융),서울 강남구,"백엔드/서버개발,금융기관",~ 01/09(금)
52542521,시니어 백엔드 개발자 - 플랫폼 (재무/정산),서울 강남구,"백엔드/서버개발,금융기관",~ 01/09(금)
52613503,백엔드 개발자 - 서비스 (Lead),서울 강남구,"백엔드/서버개발,금융기관",~ 01/17(토)
52264967,[대구] 프론트엔드 / 백엔드 경력직 개발 연구원 (상시채용),서울 강남구,"앱개발,백엔드/서버개발,웹개발,SI개발,검색엔진",~ 01/09(금)
52543705,[강남/대구] AI연구소 인프라 운용 / QA.QC 담당(상시),서울 강남구,"앱개발,백엔드/서버개발,웹개발,SI개발,검색엔진",~ 02/09(월)
52284672,[아정당] 백엔드 개발자 (7년 이상),서울 강남구,"Java,백엔드/서버개발,AWS,웹개발,API",~ 02/09(월)
52486214,[아정당] 플랫폼 백엔드 개발자 (3년 이상~5년 이하),서울 강남구,"백엔드/서버개발,Javascript,RestAPI,SpringBoot,통신",~ 03/03(화)
52419361,[제로아이즈]Flutter App 개발_10~15년,부산 해운대구,"앱개발,AWS,Docker,Git,MySQL",~ 12/26(금)
52419312,[제로아이즈] Flutter App 개발_6~10년,부산 해운대구,"앱개발,AWS,Docker,Git,MySQL",~ 12/26(금)
52419428,[제로아이즈] Flutter App 개발_3~6년,부산 해운대구,"앱개발,AWS,Docker,Git,MySQL",~ 12/26(금)
52422114,백엔드 웹프로그래머 (5-7년),서울 영등포구,"Java,백엔드/서버개발,웹개발,OracleDB,Spring",~ 12/26(금)
52422101,백엔드 웹프로그래머 (7년 이상),서울 영등포구,"Java,백엔드/서버개발,웹개발,OracleDB,Spring",~ 12/26(금)
52583361,App(React Native) 개발자(전문연구요원가능),경기 안양시 동안구,"프론트엔드,반응형웹,웹표준·웹접근성,크로스브라우징,인터페이스",~ 01/15(목)
52405083,백엔드 개발자(7년 이상),서울 강서구,"앱개발,백엔드/서버개발,웹개발",~ 12/26(금)
52405089,백엔드 개발자(4~6년),서울 강서구,"앱개발,백엔드/서버개발,웹개발",~ 12/26(금)
52592361,JAVA 개발자 채용[6~10년],서울 강남구,"백엔드/서버개발,SI·시스템통합,시스템관리,소프트웨어개발",~ 01/16(금)
52592352,JAVA 개발자 채용[11~15년],서울 강남구,"백엔드/서버개발,SI·시스템통합,시스템관리,소프트웨어개발",~ 01/16(금)
52594199,[일본:누구(nugu)] PE DevOps,서울 강남구,"AWS,DevOps,GCP,식품가공",~ 01/16(금)
52368961,[메가존] 백엔드 개발자 채용(계약직),서울 송파구,"백엔드/서버개발,웹에이전시",채용시
52606194,보안 개발자 - 보안 솔루션,경기 성남시 분당구,"정보보안,뱅킹·빌링",~ 01/17(토)
52624090,ITU-T X.1284 국제표준 BSA 솔루션 개발팀 핵심 인재 모집,서울 관악구,"앱개발,백엔드/서버개발,SI·시스템통합,솔루션업체,소프트웨어개발",~ 01/21(수)
52470325,[경력] 앱 유지보수 및 배포 엔지니어(iOS/Android/Flutter) 모,경기 과천시,"Kotlin,Java,Android,앱개발,백엔드/서버개발",채용시
52565873,앱 개발 및 배포 엔지니어(iOS/Android/Flutter) 모집,경기 과천시,"Kotlin,Java,Android,앱개발,백엔드/서버개발",채용시
52592201,[HUMAX그룹] 휴맥스아이티 MES 개발 담당 모집,경기 성남시 분당구,"Kotlin,Android,앱개발,백엔드/서버개발,유지보수",채용시
52509416,"C#, 안드로이드, Python, Java Spring 개발자 모집",부산 기장군,"Kotlin,Android,데이터분석가,웹표준·웹접근성,정보통신",~ 01/07(수)
52171004,[경력무관] 웹 어플리케이션 개발자 모집,경남 창원시,"Kotlin,Java,백엔드/서버개발,AWS,Javascript",~ 12/28(일)
52219650,[다날핀테크] 개발본부 백엔드 경력사원(3-6년차) 채용,경기 성남시 분당구,"Kotlin,Java,앱개발,백엔드/서버개발,AWS",채용시
52219629,[다날핀테크] 개발본부 백엔드 경력사원(7년차 이상) 채용,경기 성남시 분당구,"Kotlin,Java,앱개발,백엔드/서버개발,AWS",채용시
52614625,안드로이드 러닝 앱 개발자 신입,서울전체,"Kotlin,Android,앱개발,iOS,웹개발",~ 01/17(토)
52504615,웹 개발자 채용(백엔드 개발),서울 성동구,"Kotlin,Java,백엔드/서버개발,AWS,Javascript",~ 01/07(수)
52520564,"2026 상반기 자동차전장 시험팀 (신입,경력)",경기 화성시,"Kotlin,Java,앱개발,iOS,Swift",~ 01/08(목)
52568390,[판교/정규직전환] 하이얼코리아 AI Intern,경기 성남시 분당구,"Kotlin,Android,백엔드/서버개발,Javascript,iOS",채용시
52519787,[신입/경력] QA 엔지니어 채용(면접비 지급),서울 영등포구,"Kotlin,Android,iOS,Swift,프론트엔드",상시채용
52396655,Backend 개발 전문가 모집(4년 이상 경력 우대),서울 강서구,"Kotlin,Java,백엔드/서버개발,AWS,웹개발",~ 01/22(목)
52378440,프론트엔드 개발 경력자(2년 이상) 모집,서울 강서구,"Kotlin,앱개발,AWS,Javascript,웹개발",~ 01/21(수)
52356510,[Assistant] AI연구개발팀 업무 보조,경기 성남시 분당구,"Kotlin,Java,백엔드/서버개발,GCP,Kubernetes",~ 12/31(수)
52594892,임베디드 S/W 개발 신입/경력(청년) 모집,대구 서구,"Kotlin,Java,Android,앱개발,iOS",~ 01/16(금)
52221066,[개발자] 신입/경력 프론트엔드 개발자 정규직 모집,서울 서초구,"Kotlin,앱개발,Javascript,웹개발,API",상시채용
52570538,[안드로이드 앱 개발] 안드로이드 개발자 채용,서울 송파구,"Kotlin,Java,Android,앱개발,모바일APP",~ 01/14(수)
52632611,모바일 앱 & 백엔드 개발자 채용,경기 구리시,"Kotlin,Android,앱개발,백엔드/서버개발,AWS",~ 01/21(수)
52594055,[CJ푸드빌] 디지털 채널 Back-end 개발자 (웹/앱),서울 중구,"앱개발,웹개발,음식료,식품·푸드,제과제빵점",~ 01/04(일)
52512674,(주)머니투데이방송 Java 웹 백엔드 개발자 모집,서울 영등포구,"백엔드/서버개발,웹개발,신문사,언론사,인터넷신문",~ 12/31(수)
52567499,[캐스트이즈] 2025 신입 DevOps 개발자 모집,서울 관악구,"백엔드/서버개발,프론트엔드,QA/테스터,SE(시스템엔지니어),소프트웨어개발",~ 12/31(수)
52615047,[NHN KCP] 백엔드(API) 개발 담당,서울 구로구,"Java,백엔드/서버개발,AWS,API,네트워크",채용시
52606208,서버 개발자,경기 성남시 분당구,"백엔드/서버개발,뱅킹·빌링",~ 01/17(토)
52528801,[오픈마일] 프론트엔드 개발자 채용,서울 송파구,"앱개발,백엔드/서버개발,웹개발,기술지원,데이터분석가",~ 01/09(금)
52594578,"[티앤테크] 응용, 웹, 앱 소프트웨어 개발자 모집(신입/경력)",대구 수성구,"S/W,SI·시스템통합,DBMS,시스템관리,소프트웨어개발",~ 01/16(금)
52602255,[채널톡] Software Engineer,서울 강남구,"프론트엔드,S/W,솔루션업체",상시채용
52517354,2026년 S/W 개발자 모집,경기 광명시,"Java,Android,앱개발,백엔드/서버개발,iOS",~ 02/07(토)
52629892,백엔드 엔지니어(5년 이상),서울 강남구,"백엔드/서버개발,소프트웨어개발",~ 01/20(화)
52607504,JAVA 백엔드 개발자 (경력 2년 이상),서울 강남구,"백엔드/서버개발,웹개발,유통업,물류업,무역업",~ 01/17(토)
52485450,[핀테크/SBI Cosmoney] 안드로이드 개발자 채용,서울 강남구,"Java,Android,앱개발,백엔드/서버개발,AWS",~ 01/05(월)
52379834,렌터카 ERP 시스템 서비스 개발자 채용,서울 송파구,"앱개발,백엔드/서버개발,웹개발,유지보수,SI·시스템통합",오늘마감
52510725,"(주)션앤파트너스 DApp, Mobile 개발자 채용",서울 강남구,"Java,Android,앱개발,백엔드/서버개발,Javascript",상시채용
52544858,[스타랩스]  Web개발 경력자 채용,서울 강남구,"Java,Android,앱개발,백엔드/서버개발,Javascript",~ 01/10(토)
52571851,[현대캐피탈] Android developer,서울 중구,"Kotlin,Java,Android,앱개발,React-Native",~ 01/14(수)
50406441,[BYN블랙야크] IT 부문 경력직 상시 채용,서울 서초구,"Kotlin,Java,AWS,.NET,Angular",상시채용
52461453,[BU바움] 백엔드 개발자 채용,인천 연수구,"Kotlin,Java,백엔드/서버개발,AWS,Git",~ 01/01(목)
52627973,안드로이드 개발자 채용,서울 서초구,"Kotlin,Android,앱개발,기술지원,Room",~ 12/28(일)
52593101,[CJ그룹 계열사] CJ 4DPLEX Backend 개발자 인재 모집,서울 마포구,"Kotlin,Java,Android,유지보수,Docker",~ 12/28(일)
52569230,Android Engineer,서울 서초구,"Kotlin,Android,앱개발,SI·시스템통합",~ 01/13(화)
52329991,"IVI Application 개발자 (5년 이상, C/C++)",경기 성남시 분당구,"Kotlin,Java,iOS,SE(시스템엔지니어),SI개발",채용시
52330037,"IVI 미들웨어 엔지니어(10년 이상, Phone Projection, C/C++)",경기 성남시 분당구,"Kotlin,Java,iOS,SE(시스템엔지니어),SI개발",채용시
52449480,Staff Software Engineer (7년 이상),서울 강남구,"Kotlin,Java,AWS,S/W,아키텍쳐",채용시
52614508,[다우키움 계열사] AI 활용 시스템 백엔드 개발자 (경력),서울 성동구,"Kotlin,Java,AWS,기술지원,보안컨설팅",~ 01/18(일)
52396752,백엔드 개발자 (전시 시스템),경기 성남시 분당구,"Kotlin,Java,백엔드/서버개발,JPA,소프트웨어개발",~ 12/31(수)
52449706,[헤리트] 백엔드개발자 채용,경기 성남시 분당구,"Kotlin,Java,백엔드/서버개발,API,RDBMS",채용시
52510909,서버 개발 (5년 이상),경기 성남시 분당구,"Kotlin,Java,백엔드/서버개발,AWS,Git",~ 01/06(화)
52510893,안드로이드 개발 (3년 이상),경기 성남시 분당구,"Kotlin,Java,Android,앱개발,XML",~ 01/06(화)
52349385,[캐시워크] 안드로이드개발 채용전환형 인턴,서울 강남구,"Kotlin,Android,앱개발,기술지원,데이터분석가",~ 01/18(일)
52307521,[모멘토] 안드로이드개발 산업기능요원,서울 강남구,"Kotlin,Android,앱개발,프론트엔드,반응형웹",~ 01/13(화)
52359406,지음지식서비스 Back-End 개발자 채용 (경력),경기 성남시 수정구,"Kotlin,백엔드/서버개발,JPA,Kafka,MongoDB",~ 12/31(수)
52484805,[캐시워크] 안드로이드개발 산업기능요원 (병역특례),서울 강남구,"Kotlin,Android,앱개발,프론트엔드,반응형웹",~ 02/02(월)
52409247,백엔드 엔지니어 채용(경력6~8년),서울 서초구,"Kotlin,Java,백엔드/서버개발,API,Docker",~ 12/25(목)
52409283,백엔드 엔지니어 채용(경력3~5년),서울 서초구,"Kotlin,Java,백엔드/서버개발,API,Docker",~ 12/25(목)
52409237,백엔드 엔지니어 채용(경력9~10년),서울 서초구,"Kotlin,Java,백엔드/서버개발,API,Docker",~ 12/25(목)
52469724,[주식회사 고퀄] IoT 클라우드 보안 엔지니어 채용,서울 금천구,"Kotlin,Android,AWS,iOS,Swift",~ 01/02(금)
52479054,서버 개발자 - 뱅킹,경기 성남시 분당구,"Kotlin,Java,백엔드/서버개발,트러블슈팅,SpringBoot",~ 12/31(수)
52562449,DevOps 엔지니어,경기 성남시 분당구,"Kotlin,Java,SE(시스템엔지니어),DevOps,일반은행",~ 12/31(수)
52192246,[프리윌린] 개발팀 매쓰플랫 백엔드 개발자 (7년차 이상),서울 관악구,"Kotlin,Java,백엔드/서버개발,AWS,모바일",채용시
52554639,[핀테크] 풀스텍 개발자 8년 이상 경력직을 모집합니다.,경기 성남시 분당구,"Kotlin,Java,앱개발,백엔드/서버개발,프론트엔드",~ 12/26(금)
52425730,[AI/솔루션] 풀스택 개발자 (경력 5년 이상),경기 성남시 분당구,"Kotlin,백엔드/서버개발,AWS,프론트엔드,NoSQL",~ 12/31(수)
52444177,백엔드 엔지니어(5년 이상),서울 강남구,"Kotlin,Java,백엔드/서버개발,RDBMS,AI(인공지능)",채용시
52552498,[다우키움 계열사] 안드로이드 개발자 (경력),서울 성동구,"Kotlin,Java,Android,앱개발,웹개발",~ 01/11(일)
52589382,[코스닥/TOP IT보안] 암호/인증 AOS개발자 (6~12년),서울 서초구,"Kotlin,Java,Android,백엔드/서버개발,iOS",~ 01/01(목)
52461620,인터엠디컴퍼니 개발팀(모바일 서비스 개발/운영) 채용,서울 종로구,"Kotlin,Java,앱개발,AWS,웹개발",~ 01/31(토)
52480794,강남앤인코누스(주) 앱 개발자 모집,부산 해운대구,"Kotlin,Java,Android,앱개발,iOS",~ 01/03(토)
52638796,항공사 디자인시스템 모바일(AOS/iOS) 개발/운영 담당자,서울 강서구,"Kotlin,Android,앱개발,iOS,Swift",~ 01/22(목)
52485474,Android Frameworks/Application 개발,경기 안양시,"Kotlin,Java,Android,앱개발,웹개발",~ 01/02(금)
52347628,시니어/리드 앱 개발자,서울 종로구,"Kotlin,Android,iOS,Swift,Flutter",채용시
52617554,강남 위치 온라인식자재마트기업 백엔드개발 과장급,서울 강남구,"Kotlin,Java,AWS,DBMS,RDBMS",~ 01/03(토)
52628570,강남 위치 뷰티 AI솔루션기업 안드로이드개발자 대리-과장급,서울 강남구,"Kotlin,앱개발,백엔드/서버개발,웹개발,MVP",~ 01/06(화)
52371551,Android developer(경력),경기 용인시 기흥구,"Kotlin,Java,Android,앱개발,Javascript",오늘마감
52371541,Android developer(신입),경기 용인시 기흥구,"Kotlin,Java,Android,앱개발,Javascript",오늘마감
52622580,[디지털자산솔루션기업]백앤드 개발 주니어 채용,서울 강남구,"Kotlin,AWS,클라우드,Redis,Spring",~ 01/05(월)
52622578,[디지털자산솔루션기업]백앤드 개발 시니어 채용,서울 강남구,"Kotlin,AWS,클라우드,Redis,Spring",~ 01/05(월)
52387970,자율주행 시스템 개발,서울 성동구,"Kotlin,Java,Android,자율주행,TypeScript",오늘마감
52620546,[골프장 운영 선도 중견기업] IT 안드로이드 개발 (8년 이상),서울 강남구,"Kotlin,Java,Android,앱개발,RestAPI",~ 12/26(금)
52620581,[코스피 상장 IT서비스 중견기업] 증권사 MTS 앱/솔루션 개발,서울 마포구,"Kotlin,Java,Android,앱개발,Javascript",~ 12/26(금)
52130786,[Ericsson] AI Technical Solution Manager (Tech-Sales),서울 강남구,"Kotlin,네트워크,솔루션,정보통신,트러블슈팅",채용시
52185007,카카오톡 SRE(Site Reliability Engineer) 엔지니어 (경력),경기 성남시 분당구,"Kotlin,Javascript,DevOps,Kubernetes,Python",~ 12/31(수)
52178090,Java/Kotlin Spring 개발자 신입/경력 채용,서울 성동구,"Kotlin,Java,백엔드/서버개발,AWS,Javascript",상시채용
52340009,안드로이드(Kotlin) 앱 SW 개발자 모집(문정),서울 송파구,"Kotlin,Android,솔루션업체,소프트웨어개발",~ 01/17(토)
52253771,안드로이드(Kotlin) 앱 SW 개발자 모집,서울 구로구,"Kotlin,Android,솔루션업체,소프트웨어개발",~ 01/06(화)
52583239,"안드로이드(Kotlin, VPN) 개발자(경력 1-3년)",서울 송파구,"Kotlin,Java,Android,앱개발,AWS",~ 01/14(수)
52610703,Backend Engineer (Java/Kotlin),서울 영등포구,"백엔드/서버개발,웹개발,API,SI개발,금융기관",~ 01/17(토)
52431495,Backend Engineer (Java/Kotlin),서울 강남구,백엔드/서버개발,~ 12/27(토)
52522348,[경력] 앱 개발자 / Kotlin·MCPTX / 공공·통신 프로젝트 참여,서울 강남구,"Kotlin,Java,앱개발,iOS,웹개발",~ 01/08(목)
52583266,"안드로이드(Kotlin, VPN) 개발자(경력 4-6년)",서울 송파구,"Kotlin,Java,Android,앱개발,AWS",~ 01/14(수)
52583273,"안드로이드(Kotlin, VPN) 개발자(경력 7-10년)",서울 송파구,"Kotlin,Java,Android,앱개발,AWS",~ 01/14(수)
52444686,[soonshot] 백엔드 개발자 채용 (Kotlin/Spring Boot),서울 용산구,"백엔드/서버개발,영화제작사",~ 12/30(화)
52339246,"[투바이트플레이] Java/Kotlin, React 웹 풀스택 개발자 모집",경기 안양시 동안구,"백엔드/서버개발,웹개발,웹마스터,프론트엔드,게임기획·마케팅",~ 01/17(토)
52630701,"안드로이드 SDK 개발 (Chromium 기반) - Kotlin, 안드로이드 SDK",서울 종로구,"백엔드/서버개발,개발PM,SI·시스템통합",~ 01/21(수)
52626237,[전장BU] 26년 상반기 체험형 인턴,경기 용인시 기흥구,"Kotlin,Java,Android,데이터분석가,데이터엔지니어",~ 12/30(화)
52410211,2026년 상반기 부문별 채용 공고,서울 성동구,"Kotlin,Java,백엔드/서버개발,AWS,Javascript",오늘마감
52325533,㈜푸드테크 하반기 신입/경력 전부문 채용,서울 강남구,"Kotlin,Java,앱개발,백엔드/서버개발,AWS",~ 01/15(목)
52155258,2025년 전직군 신입/경력 채용,경기 수원시 권선구,"Kotlin,Java,Android,앱개발,백엔드/서버개발",~ 12/31(수)
52299597,2025년 하반기 각 부문별 신입 및 경력 채용,서울 송파구,"백엔드/서버개발,AWS,API,정보보안,프론트엔드",~ 12/31(수)
52571859,SW/HW 개발자 채용,서울 금천구,"Kotlin,Android,앱개발,iOS,웹개발",~ 12/31(수)
52593380,각 부문별 경력사원 채용,경기 성남시 분당구,"Kotlin,Java,Android,앱개발,백엔드/서버개발",~ 01/14(수)
52146078,"[외국계/핀테크] 하반기 각 부문별 채용 (영어CS, 중국영업, 태국영업, 네팔영업, 국가별 주말 영업, 안드로이드 개발자, 회계)",서울 강남구,"Kotlin,Java,Android,앱개발,백엔드/서버개발",~ 12/26(금)
52552908,'25년 HW/SW/FW/AI 포지션 경력 인재 상시 영입,경기 과천시,"Kotlin,Android,백엔드/서버개발,iOS,API",~ 12/28(일)
52623003,"(주)누코드 블루투스, 와이파이 IoT 앱개발자 채용",서울 강남구,"Kotlin,앱개발,백엔드/서버개발,웹개발,Swift",채용시
52483618,[알라딘] 개발1팀 백엔드 엔지니어,서울 중구,"Kotlin,Java,백엔드/서버개발,AWS,유지보수",~ 12/31(수)
52589215,[뉴로메카] 로봇 엔지니어 (모션플래닝) 채용,서울 성동구,"Kotlin,Android,백엔드/서버개발,Javascript,API",~ 12/31(수)
52107619,2025년 예가람저축은행 각 부문별 [경력/전문계약직/외국인] 직원 공개 채용,서울 중구,"Kotlin,Java,앱개발,백엔드/서버개발,Javascript",~ 12/31(수)
52631867,웹/앱 프런트 및 백엔드 프로그래머를 모십니다.,서울 강남구,"Kotlin,Java,Android,앱개발,백엔드/서버개발",~ 01/04(일)
52066909,대졸자 취업교육생 모집(게임개발/제품설계/바이오/전기),경기전체,"Kotlin,Java,앱개발,백엔드/서버개발,Javascript",~ 12/31(수)
52626807,[리드넘버]JAVA 백엔드 개발자 채용 [신입 및 경력],서울 구로구,"Kotlin,Java,백엔드/서버개발,웹개발,유지보수",~ 01/21(수)
52554938,"KPOP 팬덤 앱서비스 백엔드 or 앱 개발자 안드로이드, iOS",경기 화성시,"앱개발,백엔드/서버개발,커뮤니티",~ 01/11(일)
52627588,자바 백엔드 경력 채용,서울 중구,"Java,백엔드/서버개발,Javascript,Spring,SpringBoot",~ 01/20(화)
52616725,웹개발자 신입/경력직 채용,서울 강남구,"백엔드/서버개발,웹개발,소프트웨어개발",~ 01/18(일)
52622862,"풀스택(BE/FE), 백엔드/프론트,JAVA 개발자,경력직(배포경험)",대구 달서구,"앱개발,백엔드/서버개발,웹개발,퍼블리셔,전자상거래",~ 01/05(월)
52625046,더치트(주) 2026년 상반기 전 부문 경력/신입 채용,서울 구로구,"Java,Android,앱개발,백엔드/서버개발,Javascript",~ 01/21(수)
52571795,[현대캐피탈] Back-end Developer,서울 중구,"Kotlin,Java,백엔드/서버개발,Docker,Kubernetes",~ 01/14(수)
52626805,(주)세스코 프론트엔드 개발 채용,서울 강동구,"Kotlin,앱개발,Swift,프론트엔드,React-Native",~ 01/05(월)
52483707,[알라딘] 개발2팀 백엔드 엔지니어,서울 중구,"Kotlin,Java,백엔드/서버개발,AWS,유지보수",~ 12/31(수)
52568274,[판교/정규직전환] 하이얼코리아 Mobile Intern,경기 성남시 분당구,"Kotlin,Java,Android,앱개발,백엔드/서버개발",채용시
52540409,백엔드 개발자 경력 채용,경기 성남시 수정구,"Kotlin,Java,백엔드/서버개발,AWS,ElasticStack",~ 01/10(토)
52371686,Wavve Backend 개발자 채용,서울 영등포구,"Kotlin,Java,백엔드/서버개발,AWS,클라우드",채용시
52568585,[티맵모빌리티] Backend Engineer,서울 중구,"Kotlin,Java,앱개발,백엔드/서버개발,Javascript",채용시
